链接,标题
https://s.weibo.com/weibo?q=%E5%B0%8F%E6%B5%B7%E7%BB%B5%E7%AC%AC%E4%B8%80%E6%AC%A1%E7%BB%99%E9%BB%84%E6%99%93%E6%98%8E%E5%94%B1%E7%94%9F%E6%97%A5%E6%AD%8C&Refer=top,小海绵第一次给黄晓明唱生日歌
https://s.weibo.com/weibo?q=%23%E7%89%B9%E6%9C%97%E6%99%AE%E6%94%BF%E5%BA%9C%E5%85%AC%E5%B8%83%E8%A1%8C%E6%94%BF%E5%91%BD%E4%BB%A4%23&Refer=top,特朗普政府公布行政命令
https://s.weibo.com/weibo?q=%23%E5%86%85%E8%92%99%E5%8F%A4%E8%87%B422%E6%AD%BB%E9%87%8D%E5%A4%A7%E4%BA%8B%E6%95%8522%E4%BA%BA%E8%8E%B7%E5%88%91%23&Refer=top,内蒙古致22死重大事故22人获刑
https://s.weibo.com/weibo?q=angelababy&Refer=top,angelababy
https://s.weibo.com/weibo?q=%E4%B8%81%E7%9C%9F%20%E5%88%9B4&Refer=top,丁真 创4
https://s.weibo.com/weibo?q=iPhone12%20Pro%20Max&Refer=top,iPhone12 Pro Max
https://s.weibo.com/weibo?q=%23%E9%A2%9C%E7%9C%9F%E5%8D%BF%E7%9C%9F%E8%BF%B9%E9%A6%96%E6%AC%A1%E8%80%83%E5%8F%A4%E5%8F%91%E7%8E%B0%23&Refer=top,颜真卿真迹首次考古发现
https://s.weibo.com/weibo?q=%23%E4%B8%AD%E5%9B%BD%E5%A5%B3%E6%B3%95%E5%AE%98%E5%BD%93%E9%80%89%E5%9B%BD%E9%99%85%E6%B3%95%E9%99%A2%E6%B3%95%E5%AE%98%23&Refer=top,中国女法官当选国际法院法官
https://s.weibo.com/weibo?q=%23%E5%8A%A8%E7%89%A9%E5%9B%AD%E5%9B%9E%E5%BA%94%E7%8B%AE%E5%AD%90%E6%B3%A1%E6%B0%B4%E6%B1%A0%E4%B8%AD%E7%96%91%E4%BC%BC%E6%AD%BB%E4%BA%A1%23&Refer=top,动物园回应狮子泡水池中疑似死亡
https://s.weibo.com/weibo?q=%23%E5%B1%B1%E4%B8%9C%E6%A2%81%E5%B1%B1%E5%8F%91%E7%8E%B01%E4%BB%BD%E8%BF%9B%E5%8F%A3%E5%86%B7%E5%86%BB%E7%89%9B%E8%82%89%E5%A4%96%E5%8C%85%E8%A3%85%E9%98%B3%E6%80%A7%23&Refer=top,山东梁山发现1份进口冷冻牛肉外包装阳性
